ts,x,y
1652170322636205.0,8.245922353855473,-2.5693110748334016
1652170322736213.0,8.05763233229556,-2.597679404362043
1652170322836222.0,7.873189503793824,-2.616937486587585
1652170322936231.0,7.653663452275415,-2.632751945436694
1652170323036292.0,7.435392496494488,-2.6492219897574523
1652170323136302.0,7.205344022307514,-2.677444359864273
1652170323236368.0,6.962596597980444,-2.6965381061520466
1652170323336378.0,6.714000653128761,-2.708143853853008
1652170323436440.0,6.4553159649909695,-2.7278114222653844
1652170323536510.0,6.190155407869849,-2.7396638432748315
1652170323636628.0,5.909501726484277,-2.741606115016056
1652170323736691.0,5.626566867189009,-2.7441451288209215
1652170323836814.0,5.329308325856525,-2.7470166162863134
1652170323936934.0,5.023811986092736,-2.7435735424058976
1652170324037048.0,4.717942177228723,-2.7453690808318427
1652170324137116.0,4.392176496881285,-2.7325350849695527
1652170324237178.0,4.062340665669765,-2.721766747495003
1652170324337241.0,3.723764795880282,-2.705288039524765
1652170324437252.0,3.3959476900699515,-2.710226759572646
1652170325836547.0,2.876704702129975,5.98799395243929
1652170325836547.0,-9.126126943340992,5.6676099819542225
1652170325936505.0,16.642578599466237,-17.735923832948387
1652170326036459.0,1.876344432477488,5.984793136669697
1652170326136470.0,1.389227909536026,6.030696005710393
1652170326136470.0,15.985997733545712,-17.52165782299313
1652170326236534.0,0.8640273418059736,6.045524587773401
1652170326236534.0,-11.116277147200718,5.395366304569245
1652170326236534.0,15.652812778376369,-17.385444069851808
1652170326336596.0,0.32770093943579054,6.062670329122519
1652170326336596.0,16.550976403973017,-12.091783901816706
1652170326436659.0,-0.20320756491986747,6.07245661790445
1652170326436659.0,16.18622300941678,-11.932368273785968
1652170326436659.0,15.042709171556702,-17.09397677872502
1652170326436659.0,-12.167234562132494,5.115565201306643
1652170326536726.0,-0.7511548817137808,6.072902441961403
1652170326536726.0,15.815524216549292,-11.774123387023067
1652170326636845.0,-1.3151318785133552,6.076841156307121
1652170326636845.0,14.44835065459734,-16.78142473103597
1652170326636845.0,15.466353273204767,-11.587128402809228
1652170326736964.0,-1.8957036444744901,6.050334393831469
1652170326736964.0,15.112451013129206,-11.403781249413244
1652170326837085.0,-2.460762340253191,6.036548196013565
1652170326837085.0,14.755266194629758,-11.219106652962433
1652170326837085.0,13.859185183033736,-16.391217387497385
1652170326937151.0,-3.0297298932907255,6.0088810493752725
1652170326937151.0,14.395450388748248,-11.042409730686312
1652170326937151.0,13.529619549298376,-16.212277370534323
1652170327037211.0,-3.5877672084190446,5.9661047460195205
1652170327037211.0,14.022881598053264,-10.85968479917663
1652170327037211.0,13.256289512754716,-16.028602224123752
1652170327037211.0,-15.454100210732472,4.253748607369494
1652170327137276.0,-4.15590588325421,5.93102832616813
1652170327137276.0,13.672266041595709,-10.67989037152026
1652170327237339.0,-4.757080394791649,5.8557617087490845
1652170327237339.0,13.301333065132058,-10.494060776558614
1652170327237339.0,12.654137860756894,-15.691627510161272
1652170327237339.0,-8.297856841406114,-3.32460296700304
1652170327337350.0,-5.3545503821066704,5.7905397668784095
1652170327337350.0,12.924936244466762,-10.318933778457236
1652170327337350.0,12.39719971771921,-15.520363021969318
1652170327337350.0,-8.771527626718244,-3.4438245803593026
1652170327437358.0,-5.95172147761517,5.705685259855981
1652170327437358.0,12.540161280381097,-10.146908900679456
1652170327437358.0,-9.20602560939668,-3.6064613211224934
1652170327537371.0,12.162316736426181,-9.993715902984647
1652170327537371.0,-6.549046045291262,5.611903690237167
1652170327537371.0,-9.682839888539018,-3.692017987153967
1652170327537371.0,11.674276413584659,-15.222943006269329
1652170327637328.0,11.754689279419999,-9.833571960515949
1652170327637328.0,-7.132404421385703,5.537880492637237
1652170327637328.0,11.285894821029958,-15.087527478351456
1652170327637328.0,-10.145188740425391,-3.8111698803089853
1652170327737283.0,11.343330985431278,-9.704113162234684
1652170327737283.0,-7.7083923274595225,5.446346039787433
1652170327837181.0,10.929413035460723,-9.562787581690062
1652170327837181.0,-11.077600788391946,-4.099146450669899
1652170327837181.0,-8.305504237898878,5.354776566240383
1652170327937081.0,10.494278851974636,-9.441359324643084
1652170327937081.0,-8.90017845231311,5.250455638490045
1652170327937081.0,10.089727351985543,-14.713037285984036
1652170327937081.0,-11.605419868943128,-4.197463708960699
1652170328036980.0,10.066293097553228,-9.339314000763846
1652170328036980.0,-9.497119636898171,5.1567915071942645
1652170328136821.0,9.600640631363866,-9.251255952040792
1652170328136821.0,9.356252996785361,-14.500492505188522
1652170328136821.0,-10.06500207316015,5.078647700706381
1652170328136821.0,10.903533727375706,-8.563862467431388
1652170328236607.0,9.1254672680581,-9.188954559874654
1652170328236607.0,10.414400615794262,-8.491143703879949
1652170328236607.0,9.007370830667396,-14.3972264823278
1652170328236607.0,-10.648663987912531,4.984716423970602
1652170328336451.0,8.649268454270956,-9.111447305344907
1652170328336451.0,9.941012978861819,-8.410584707373294
1652170328336451.0,8.614931426533277,-14.306482697708686
1652170328436180.0,8.144561150239497,-9.046647900694625
1652170328436180.0,9.447193807064423,-8.34604811323735
1652170328436180.0,8.211557466153929,-14.23154082368616
1652170328535971.0,7.642378944438994,-9.005172031406131
1652170328535971.0,8.934846892164625,-8.304857489681151
1652170328535971.0,7.835049755962473,-14.14963711250391
1652170328635755.0,7.11941430590403,-8.967270293199208
1652170328635755.0,8.426718789702715,-8.27047040107235
1652170328635755.0,7.403441653856048,-14.079635140471387
1652170328735543.0,6.5785021078861075,-8.949560570280838
1652170328735543.0,7.8899935404835215,-8.260108726020936
1652170328735543.0,6.860134423906467,-14.030054142842756
1652170328835332.0,6.026360359276838,-8.93151058010012
1652170328835332.0,7.329622974692608,-8.239570680152958
1652170328835332.0,6.274313072909669,-14.022743027317423
1652170328835332.0,33.35588513904336,-93.09528189206641
1652170328935116.0,5.446632213987997,-8.917122597881779
1652170328935116.0,5.627394711955935,-14.065691548374106
1652170328935116.0,6.746239492289748,-8.228872992050198
1652170329034960.0,4.863052845690728,-8.884751063732965
1652170329034960.0,4.976164294292901,-14.108519851995158
1652170329034960.0,6.177239088342764,-8.205048764686344
1652170329134865.0,4.37357792047057,-14.094370701473544
1652170329134865.0,5.613429258107534,-8.18996793012724
1652170329134865.0,4.3006089371499545,-8.856909686724228
1652170329234764.0,3.7747517005737428,-14.075542254166434
1652170329234764.0,5.04630451468859,-8.194596629699717
1652170329234764.0,3.7291622438425707,-8.87204554022365
1652170329334717.0,3.2693816946213197,-14.037034512816131
1652170329334717.0,4.4632405695845705,-8.206296841216917
1652170329334717.0,3.1542078495085217,-8.855707901326078
1652170329334717.0,30.001947351246077,-93.15912956787076
1652170329434671.0,3.8832968542834343,-8.20186258656432
1652170329434671.0,2.659933278045835,-14.041380530171288
1652170329434671.0,2.565845889475125,-8.847645618174555
1652170329534622.0,1.9204438443028735,-14.062920703660033
1652170329534622.0,1.9594560923041553,-8.813358192158237
1652170329534622.0,3.2908658904930137,-8.162500174902078
1652170329634740.0,1.3771945991337435,-14.042500988801843
1652170329634740.0,2.6989757182604244,-8.17095667709679
1652170329634740.0,1.3719461504980406,-8.799635958826398
1652170329634740.0,-18.47455372701727,5.078316802798815
1652170329734803.0,2.1420270071809386,-8.158828923164457
1652170329734803.0,-19.01479781918207,5.158312988258316
1652170329734803.0,0.8074056531384891,-14.031843771192662
1652170329734803.0,0.7998728442297945,-8.808419737673258
1652170329834923.0,1.5505784556344007,-8.155322481150112
1652170329834923.0,0.1358289495639876,-14.036228868167568
1652170329834923.0,-19.551933905541777,5.22510633793839
1652170329834923.0,11.451520013734672,-4.6357682410134755
1652170329935100.0,0.9860754307249386,-8.152861907936835
1652170329935100.0,10.982461714232919,-4.616033031254779
1652170330035330.0,0.40961076396105134,-8.13038487744389
1652170330035330.0,0.6762434794295106,16.53672240908413
1652170330035330.0,-20.64922984022605,5.302623370424962
1652170330135509.0,9.705656846325502,-4.676861382985629
1652170330135509.0,-0.14587942473754112,-8.106294749958048
1652170330135509.0,0.13238011843290964,16.53384849866662
1652170330135509.0,-21.16588894058637,5.381690868456225
1652170330235741.0,-0.3158168188117917,16.547462131925045
1652170330235741.0,-0.7016683737457501,-8.074225243429742
1652170330235741.0,-21.71418844822554,5.439673945409845
1652170330235741.0,9.304900085374365,-4.663995049582605
1652170330335972.0,8.591082122808059,-4.697737730939705
1652170330335972.0,-1.2599218126386658,-8.052898656056295
1652170330335972.0,-22.232597672173004,5.5192498420576594
1652170330335972.0,-1.8108653337380072,10.513464104729117
1652170330436257.0,8.077209932060056,-4.6941622171779835
1652170330436257.0,-1.3941336098613555,16.594373110371407
1652170330436257.0,-2.8989429453984172,-13.836062152754748
1652170330436257.0,-1.8067849115204602,-8.01920875830985
1652170330536485.0,7.680499688974406,-4.664574045365448
1652170330536485.0,-3.5525200549767884,-13.851776684437093
1652170330636769.0,-4.278090860600877,-13.871478232158376
1652170330636769.0,7.075497358179639,-4.680933688992834
1652170330636769.0,-23.80033093158833,5.684398093626668
1652170330737000.0,6.559656676106891,-4.675201228731785
1652170330737000.0,-2.837755846884378,16.602448723248592
1652170330737000.0,-3.4928269098299625,-7.997499196160093
1652170330737000.0,-5.011487223187534,-13.909676984741381
1652170330737000.0,-24.32612766368688,5.699789027916558
1652170330837288.0,5.9851234030612455,-4.681973990184204
1652170330837288.0,-3.9927427495683996,-7.976807547842908
1652170330937520.0,-4.514125292516264,-7.969370895360616
1652170331037804.0,6.870054723062227,8.212183536439788
1652170331037804.0,-5.0240497172342575,-7.980397931171212
1652170331138041.0,-5.49218826004727,-8.011158574552645
1652170331238328.0,-5.942516036856303,-8.059630364836789
1652170331939784.0,11.220709660803161,2.286675205373938
1652170332039790.0,10.689883085954484,2.537130086978956
1652170332139799.0,10.152117236479025,2.816068669199095
1652170332239753.0,9.603293935467478,3.0846178010244336
1652170332339652.0,9.060080645718722,3.3480503299871582
1652170332439439.0,8.50466632802121,3.598518959417111
1652170332539227.0,7.9414637892933655,3.8409766558106146
1652170332638957.0,7.3747048803427475,4.072081690273089
1652170332738636.0,6.797468365653532,4.287499903256747
1652170332838313.0,6.217740171919674,4.489107527449501
1652170332937936.0,5.620849703376525,4.668696629572922
1652170332937936.0,13.482622427618583,-30.506342300488576
1652170333037498.0,2.3695172945689817,-26.309834132641978
1652170333137008.0,2.5202327564031712,-26.245022972236136
1652170333137008.0,14.018305389109145,-29.811562371019267
1652170333236462.0,1.6746152194030344,-4.624586297241125
1652170333335972.0,1.3165287792188918,-4.612035022403838
1652170333435426.0,0.915637840753484,-4.594118021080225
1652170333435426.0,2.7165727202159484,-26.03416057173293
1652170333534881.0,0.5052380600710376,-4.573420459803428
1652170333534881.0,2.702003311613921,-25.994660221260574
1652170333634336.0,0.05568385192539488,-4.5462513495580135
1652170333634336.0,2.585596214958942,-25.951197704727498
1652170333733792.0,-0.29886662043449025,-4.589588276437545
1652170333733792.0,11.094739006781793,-9.36912206163768
1652170333833304.0,10.764705149893834,-9.21179638020918
1652170333932870.0,10.383615568463009,-9.084467825805564
1652170334132111.0,9.527702518193033,-8.947781738196902
1652170334132111.0,-2.281648231247955,-4.517579019241194
1652170334132111.0,1.2082588146799158,-25.80046137772596
1652170334231898.0,9.154152046115453,-8.806086782170425
1652170334231898.0,-2.675263233370607,-4.50877365487124
1652170334331689.0,8.655575992029839,-8.801311992638059
1652170334331689.0,-3.06032492647579,-4.599382424826374
1652170334431639.0,8.199859040639277,-8.740592303348189
1652170334431639.0,-3.452610696529663,-4.640832960479277
1652170334531594.0,7.694635592366553,-8.761896541093911
1652170334631661.0,7.261750027032069,-8.683856767952703
1652170334731838.0,6.741519175026393,-8.693325056592476
1652170334731838.0,1.4093868314744167,-9.327505919702133
1652170334832074.0,6.276110903841848,-8.64420233406799
1652170334832074.0,0.877563206217044,-9.283325197343075
1652170334932361.0,0.3308504237327503,-9.258880982365275
1652170334932361.0,5.788697434506064,-8.605642757293328
1652170335032757.0,-0.20644234850017062,-9.227316664957511
1652170335032757.0,5.2899452998099,-8.58892268336723
1652170335133160.0,4.755583012457933,-8.588681715185743
1652170335133160.0,-0.6151740806702852,-9.27860782683581
1652170335233724.0,4.23374749696173,-8.574691523940844
1652170335233724.0,-1.0539375981842478,-9.329885620112842
1652170335334290.0,-1.6123958239369478,-9.28158619778566
1652170335334290.0,3.69784035048099,-8.584291775350662
1652170335434911.0,-2.0966276042574914,-9.296786205180807
1652170335434911.0,3.1786723733801474,-8.560924656168355
1652170335434911.0,-0.11684099270931614,-10.144437183983376
1652170335535531.0,-4.598808103666904,-7.332937837722023
1652170335535531.0,-2.797570520872527,-9.141739143826634
1652170335535531.0,-0.6404635251643587,-10.12376856116252
1652170335535531.0,2.6835871413836587,-8.518799087322396
1652170335636210.0,-3.2384261101031555,-9.207722845152544
1652170335636210.0,-5.133982294663373,-7.286304366536716
1652170335636210.0,-1.1528540125334432,-10.11283231175831
1652170335736884.0,-7.554665992896848,-6.031308008878809
1652170335736884.0,-5.694958277758879,-7.280382477622199
1652170335736884.0,-1.6462839990485887,-10.113911886437334
1652170335837559.0,-2.139594584330462,-10.121254798305705
1652170335837559.0,-8.070423767621186,-6.080998565652294
1652170335938179.0,-2.6903283396795996,-10.114623110781713
1652170335938179.0,-4.549908983229574,-9.371120617815674
1652170335938179.0,-8.61440241060886,-6.093791783249331
1652170336038745.0,-5.113727499117095,-9.346111778948071
1652170336038745.0,-3.1445071075388444,-10.11928107542956
1652170336139251.0,-5.632593291296826,-9.354820893290343
1652170336239649.0,-6.228271901804907,-9.367662444181484
1652170336239649.0,-4.191756471192395,-10.111604823438375
1652170336339990.0,-6.7946329342157314,-9.370380227201956
1652170336339990.0,15.071828252541545,2.5002807522837522
1652170336440221.0,-7.33174447531844,-9.358752576247145
1652170336440221.0,14.485694117251146,2.5480666702209236
1652170336540338.0,-7.861553573269457,-9.377899619190632
1652170336540338.0,13.907202801633519,2.5812373049248682
1652170336640348.0,13.336872412291843,2.591729900408572
1652170336640348.0,-8.48053330310702,-9.346988457974755
1652170336740304.0,12.760184043771728,2.6390245124125
1652170336840201.0,12.194486777058454,2.6734270942059366
1652170336840201.0,-9.570021490196064,-9.37306712426133
1652170336940049.0,11.6315217623503,2.705503943459076
1652170337039780.0,11.083724529322259,2.731325474362939
1652170337039780.0,-10.670600660269528,-9.350554517814471
1652170337139456.0,10.534199396049182,2.773877565909787
1652170337139456.0,-11.204608602124212,-9.350047610782907
1652170337239130.0,9.99573997273667,2.8054872172939254
1652170337338752.0,9.43281121508751,2.8545815076089234
1652170337438372.0,8.884077786018793,2.9197757568602185
1652170337538045.0,8.339123274973474,2.9992539348406475
1652170337637612.0,7.774908001359902,3.0896166643638137
1652170337737229.0,7.2198664270887996,3.182460269254889
1652170337836904.0,6.637605350444875,3.2731765917792166
1652170337836904.0,16.880248633744028,-1.6485912758272012
1652170337936578.0,6.077734243026318,3.374056414836321
1652170338036255.0,5.509473461899779,3.4719014456321777
1652170338135988.0,4.945219349293631,3.5818984833736
1652170338235719.0,4.347041567349527,3.6875412906663443
1652170338235719.0,14.947669245033175,-0.4663337327280422
1652170338335561.0,3.774045414932923,3.75966125790877
1652170338335561.0,14.425488470312334,-0.18270304420939842
1652170338435409.0,13.936659320430918,0.1641209199309691
1652170338535306.0,13.407599610352644,0.36761886273817623
1652170338635201.0,12.87997031293759,0.6391372317201994
1652170338735156.0,12.375288063889757,1.0245925660843846
1652170339835861.0,6.537826623677756,2.6518211846587585
1652170340036154.0,5.360609318957278,2.835708810143203
1652170341736811.0,6.190223624778292,2.400343853495985
1652170342536106.0,6.151598144626379,2.900617254654683
1652170342636059.0,5.5761260926306955,2.7965154221726487
1652170342836015.0,4.375385435738109,2.8171891434031497
1652170343136099.0,17.231898709271743,2.442280479880631
1652170343236164.0,16.670029366309283,2.4289310936686705
1652170343436230.0,15.5624047723981,2.5084123002276173
1652170343536296.0,14.969973487720832,2.5425902574037273
1652170343636416.0,14.39623346821839,2.529890940401115
1652170343736480.0,13.839950777849165,2.5819365147521225
1652170343836543.0,13.265635476983315,2.58816357880756
1652170343836543.0,25.565133905429782,4.2529082613592815
1652170343936605.0,12.69782372809028,2.6252697423264815
1652170343936605.0,24.996909534829562,4.256043933464115
1652170344036726.0,12.11799194149601,2.5825298828863636
1652170344036726.0,24.44157257423979,4.257180344977663
1652170344136786.0,23.883251137914513,4.262700775761894
1652170344236907.0,23.32585925340987,4.272056268382474
1652170344337027.0,22.772203586446793,4.296107564494944
1652170344437096.0,22.219189819026596,4.296863123883613
1652170344537220.0,21.6699781774295,4.3110204368588665
1652170344637284.0,21.118488765725065,4.342424471592321
1652170344737350.0,20.5711838407985,4.3975215811014
1652170344837413.0,20.02359911622822,4.4231433499512
1652170344937425.0,19.488960026022244,4.448440354885615
1652170345037437.0,18.96363813234404,4.474495550557129
1652170345037437.0,6.668259290014126,2.7374901823892115
1652170345137444.0,18.43266062430616,4.495716779065845
1652170345237451.0,17.90692598267166,4.504248895058901
1652170345337405.0,17.384842855815684,4.5188599136220535
1652170345337405.0,5.095030066903923,2.851287483726345
1652170345437359.0,4.5358838091888956,2.8620277631664823
1652170345437359.0,16.87597113644484,4.53615769133716
1652170345437359.0,11.632022126904006,-3.8112150659478514
1652170345537309.0,16.3682632234527,4.554693652896578
1652170345637264.0,15.859920871741695,4.563851166656849
1652170345737160.0,15.359687508742946,4.564004355272358
1652170345737160.0,10.117099559838357,-3.794562967097647
1652170345837108.0,14.84538411615743,4.575469710065064
1652170345837108.0,7.824004747661283,2.8821415097156464
1652170345937008.0,14.361281254749528,4.6000925199542335
1652170346036903.0,13.86371798872031,4.609506467959467
1652170346036903.0,-3.4835110268565748,2.9398292418073897
1652170346036903.0,6.757936196412242,2.8659365959772236
1652170346036903.0,12.195046340749675,2.8875226685950497
1652170346136749.0,13.386035665758985,4.624787991389624
1652170346136749.0,6.310762139602893,3.0038062637919403
1652170346236651.0,12.90073963566534,4.665183677688857
1652170346236651.0,5.857013287003682,3.033609245515845
1652170346336605.0,12.419299743053106,4.704656773405275
1652170346336605.0,5.306492884111711,3.029473931753086
1652170346436506.0,11.943356935290602,4.73860886858194
1652170346436506.0,4.807246749623647,3.1055784326114826
1652170346536464.0,11.465939530418346,4.761974245503366
1652170346636362.0,10.998379494501851,4.759040211274048
1652170346736317.0,10.537699799595808,4.767699059459335
1652170346836271.0,10.085364782240845,4.777649630324655
1652170347436162.0,5.815334763756397,3.355264941633783
1652170349337346.0,11.544819236876544,-12.113821651195043
1652170349937016.0,10.295878385825645,-12.099525561135906
1652170350036913.0,10.094441640850606,-12.119503282465898
1652170350536353.0,6.597629103730836,7.507643602709118
1652170350636251.0,6.450659861658776,7.513596561106903
1652170350636251.0,9.091707508168287,-12.167236827221661
1652170350736093.0,8.91001206860463,-12.193096018822578
1652170350736093.0,6.201886578768464,7.517017825633512
1652170350835996.0,8.715009776212783,-12.224719923046937
1652170350835996.0,6.0862666629043485,7.484982267934111
1652170350935892.0,8.491082845006286,-12.270025243153299
1652170350935892.0,5.97063902903274,7.448933580341693
1652170351035790.0,8.273875858082596,-12.321413555622055
1652170351135633.0,8.020105913208113,-12.399414775182455
1652170351235529.0,7.753558510133544,-12.472357779984998
1652170351335370.0,7.47057713710531,-12.565158063811399
1652170351435272.0,7.155915280943327,-12.65721831256159
1652170351535170.0,6.818241376137527,-12.76116156412207
1652170351635124.0,6.479394015571317,-12.859302720925584
1652170351834979.0,5.66737507278947,-13.097859897675793
1652170351934877.0,-2.3540056149167965,5.194084269404819
1652170351934877.0,5.201911227122347,-13.21718480613569
1652170352034777.0,-2.411066079882082,5.261518918362543
1652170352034777.0,5.555156228782254,6.616839420813875
1652170352034777.0,4.727213208203833,-13.33733567587634
1652170352134675.0,-2.4301552830975774,5.331291764930841
1652170352134675.0,4.183024256825168,-13.458895118075073
1652170352134675.0,5.539702834471037,6.551769335306492
1652170352234632.0,-2.452295345047636,5.41750006884108
1652170352234632.0,3.6079123117252054,-13.56639761653472
1652170352234632.0,5.537392696045456,6.377645999554192
1652170352334587.0,-2.480647604790505,5.481999485389884
1652170352334587.0,3.0145984224601525,-13.666596884328616
1652170352334587.0,5.557184904726351,6.181022932512234
1652170352434596.0,-2.508475388387245,5.5402822223077575
1652170352434596.0,2.3736298031776624,-13.760188944199404
1652170352434596.0,5.5934802902621445,5.976901937054444
1652170352534602.0,-2.5424476051719087,5.609302315494615
1652170352534602.0,1.729314871338739,-13.827585016050206
1652170352534602.0,5.901971835940888,5.662235965405503
1652170352634665.0,-2.568681550548326,5.679153077368569
1652170352634665.0,1.0542517936715752,-13.863738868345596
1652170352634665.0,5.920069660966285,5.474687132578819
1652170352734787.0,-2.598133769227381,5.75529776612811
1652170352734787.0,0.37832808562434284,-13.881646438294378
1652170352734787.0,5.85127639822748,5.282341311650091
1652170352834904.0,-2.6300571829969766,5.847659985406277
1652170352834904.0,-0.3424725174020815,-13.871770324885498
1652170352935078.0,-2.6657947075064654,5.932642845271883
1652170352935078.0,5.51337278500198,5.086916406378114
1652170352935078.0,-1.0501768834916239,-13.833287273650619
1652170353035250.0,-2.6864301103440296,6.039394055588201
1652170353035250.0,-1.8088776819531993,-13.768169015941615
1652170353035250.0,5.68480091512494,4.711919250648909
1652170353135426.0,-2.719136588304147,6.137450775093421
1652170353135426.0,-2.5443870410662894,-13.682739162362049
1652170353135426.0,5.493548549172528,4.556969241978761
1652170353235715.0,-2.7578345044028314,6.238816350046695
1652170353235715.0,-3.287814605192083,-13.587223662896191
1652170353235715.0,5.3093574438069,4.478544599536926
1652170353335999.0,-2.800325638841398,6.344150113196045
1652170353335999.0,-4.0240714874198895,-13.460547931915773
1652170353335999.0,5.353129766209495,4.19164809842583
1652170353436234.0,-2.846174599569585,6.445512984918185
1652170353436234.0,5.164599226798179,4.013852255490749
1652170353436234.0,-4.767329183008119,-13.302406678449357
1652170353436234.0,5.812112677377445,-7.6519036704064405
1652170353536521.0,-2.8989194514689105,6.554861420719318
1652170353536521.0,-5.511397805206517,-13.104420767083898
1652170353536521.0,5.046147609858534,3.809520860127347
1652170353636809.0,-2.9600508686401117,6.6563838444865695
1652170353636809.0,4.944913235065923,3.607161793652918
1652170353636809.0,-6.230830914396951,-12.886628030847413
1652170353737097.0,-3.030046930474606,6.762712294920662
1652170353737097.0,-6.951710325775726,-12.671906341044203
1652170353737097.0,4.642967155534528,3.629652287744325
1652170353737097.0,-2.1487542032915408,3.3785852041730204
1652170353837383.0,-3.11885858235985,6.865213075018561
1652170353837383.0,4.524880086530507,3.4276959721723124
1652170353837383.0,-2.350288600330832,3.437743823067527
1652170353837383.0,-7.652465815422457,-12.431169806035761
1652170353937666.0,-3.2080977967445965,6.9666218877930675
1652170353937666.0,4.276864181746837,3.226976204531896
1652170353937666.0,-8.349407486401292,-12.171790047786539
1652170353937666.0,-2.5491124279011204,3.53650384686615
1652170354037956.0,-3.3243560851726977,7.067757318996419
1652170354037956.0,-9.042397692288127,-11.89259585022052
1652170354037956.0,4.033535424362162,3.0700364454273505
1652170354037956.0,-2.7839428535385973,3.641814258414956
1652170354138245.0,-3.438828884862363,7.178462318852045
1652170354138245.0,3.7404479828999264,2.9873789003221978
1652170354138245.0,-9.75222901485679,-11.607143491725193
1652170354138245.0,-3.045177744117075,3.739198776744258
1652170354238417.0,-3.578114684647653,7.29721515339313
1652170354238417.0,3.4582686956880675,2.9178890810968654
1652170354238417.0,-10.40687376694033,-11.281922068234799
1652170354238417.0,-3.2732354776626282,3.8462271262248455
1652170354338648.0,-3.7268488774365633,7.4152073006214145
1652170354338648.0,-11.099188160918422,-10.964128860586943
1652170354338648.0,-3.548264922181025,3.9301788077835482
1652170354438770.0,-3.8969637229818446,7.527498054340241
1652170354438770.0,-11.767976991163714,-10.647668318405431
1652170354538944.0,-4.072079138398428,7.643027143193694
1652170354538944.0,-12.39769394531164,-10.317590502673045
1652170354639065.0,-4.278095929147083,7.7387831260929705
1652170354639065.0,-13.043597392496888,-10.012238138218246
1652170354739129.0,-4.5018465301638,7.846579728560885
1652170354739129.0,-13.650081337125426,-9.700400593698141
1652170354839137.0,-4.738181098801831,7.963428526916557
1652170354839137.0,-14.246245452787972,-9.398099401566245
1652170354939088.0,-4.96173927604764,8.077700422702017
1652170354939088.0,-14.889994205214448,-9.06061291739385
1652170355038987.0,-5.200278910233223,8.211299232526002
1652170355038987.0,-15.466819254746277,-8.705966402494708
1652170355138828.0,-5.47068063876223,8.327182771982159
1652170355138828.0,-16.084923581286926,-8.353986861370155
1652170355238676.0,-5.723621049190002,8.45316662435506
1652170355238676.0,-16.690455338278497,-8.017970160168023
1652170355338460.0,-5.985878501249913,8.582735827114758
1652170355338460.0,4.915410112848048,3.621550188644229
1652170355338460.0,-17.295258134016542,-7.642950205317243
1652170355438189.0,-6.271861208034282,8.725414543581717
1652170355438189.0,4.487435071670709,3.596415174193031
1652170355537916.0,-6.561637039587214,8.860250552743784
1652170355637648.0,-6.881343173502112,8.987013519306386
1652170355936842.0,13.164292432710852,4.401370760855382
1652170356036628.0,12.679103579765076,4.3887743680025855
1652170356136359.0,6.624902475911451,3.859511089869558
1652170356236205.0,0.480561132589973,7.022280667339086
1652170356236205.0,11.74748061910367,4.16502091895835
1652170356236205.0,6.128747144282623,4.0384436060081175
1652170356336102.0,11.265183175319407,4.071661764242726
1652170356336102.0,0.5295313717255421,7.077639665746921
1652170356436000.0,10.732353753457483,4.107453145094232
1652170356535899.0,10.20455188875716,4.057753581889017
1652170356635853.0,9.718884695302135,3.9050728888697845
1652170356735804.0,9.630217262556197,-4.4037116288277565
1652170356835761.0,9.06521321945792,-4.422217068903429
1652170356935823.0,8.502160435479807,-4.429888462187829
1652170357035887.0,7.946753285614382,-4.436263158680235
1652170357135951.0,7.371561111598495,-4.443387834005742
1652170357236073.0,6.821544277581795,-4.4488128031605445
1652170357236073.0,1.7481779938597464,-6.594671031842444
1652170357236073.0,19.010792447078085,-3.9771661524874062
1652170357336192.0,1.7334191970487007,-6.543281388404715
1652170357336192.0,6.239423586557042,-4.44730431266688
1652170357336192.0,18.431928123111707,-4.0015956566855255
1652170357436256.0,5.6868417075361135,-4.462021314842098
1652170357536375.0,5.111984909724772,-4.466745284259945
1652170357736559.0,3.947330243281634,-4.477229549850739
1652170357836684.0,3.38737885978748,-4.491596925452666
1652170357936748.0,14.981942011201095,-4.365908656388228
1652170358036866.0,14.408422086488985,-4.421813743788189
1652170358237102.0,13.284773301787602,-4.482896347358632
1652170358337165.0,12.738023445918328,-4.525066936897447
1652170358437283.0,12.186657135217994,-4.56035839770693
1652170358537345.0,11.678175993727152,-4.570680445755971
1652170358537345.0,-0.5234434069259049,-4.428397733997132
1652170358637408.0,11.154310208144388,-4.575998193022348
1652170358637408.0,-1.0644612525366905,-4.413188479502998
1652170358637408.0,-2.7704676368372367,3.9865279942411074
1652170358737471.0,10.649193435906067,-4.58952779013414
1652170358737471.0,-1.5539304718439595,-4.3987193753945775
1652170358737471.0,-3.2564505288874472,4.025483470183361
1652170358837481.0,10.176598952589531,-4.594083049934575
1652170358837481.0,-1.9791360349460392,-4.3835171213619795
1652170358837481.0,-3.7507789599998245,4.073148911378333
1652170358837481.0,11.657546161851924,5.406846357011685
1652170358937550.0,9.698955639608803,-4.598811304273236
1652170358937550.0,-2.5213247908245062,-4.360216851842651
1652170358937550.0,11.201481767930217,5.388468929218271
1652170359037503.0,9.238456393870976,-4.590072072814802
1652170359037503.0,-2.9233421450026014,-4.341437014535586
1652170359037503.0,10.777960837165745,5.370610998351616
1652170359137510.0,8.767280362483815,-4.6378571259850725
1652170359137510.0,-3.3682693384435725,-4.316824886918421
1652170359237463.0,8.343272138334143,-4.637110636118002
1652170359237463.0,9.921895843182796,5.352134580213237
1652170359237463.0,-3.8252477825008726,-4.302713913766298
1652170359337473.0,7.942098621079425,-4.634669481957555
1652170359337473.0,-4.2509144844822995,-4.294003084458105
1652170359337473.0,9.525600884962962,5.351606464514376
1652170359437431.0,7.556741550882646,-4.607607965182429
1652170359437431.0,9.153018054315371,5.357755731234567
1652170359437431.0,-4.6030450880117675,-4.285906749155261
1652170359537384.0,7.186443310572369,-4.592789406830721
1652170359537384.0,8.785502127057523,5.363835674731475
1652170359537384.0,-4.989287705060783,-4.281985176638375
1652170359637339.0,6.8165413371264005,-4.608925485719997
1652170359637339.0,8.429881211682847,5.3711338407931395
1652170359737290.0,8.088256910541322,5.375622535992713
1652170359737290.0,6.492564485484836,-4.586273821516872
1652170359837190.0,7.779564967772798,5.381748490502007
1652170359837190.0,6.174027410762263,-4.572424963769199
1652170359937147.0,7.480958154462507,5.390369209557461
1652170359937147.0,5.886079191036544,-4.542642392475168
1652170360037045.0,7.196227166462414,5.396148660084256
1652170360037045.0,5.608074496724284,-4.511932103463548
1652170360136944.0,6.944789487508282,5.396550116417372
1652170360136944.0,5.354405325566431,-4.508494665399467
1652170360236841.0,6.702842616918213,5.405289568678975
1652170360236841.0,5.109013224716468,-4.504923628455219
1652170360336685.0,6.474258072666227,5.407744054175873
1652170360336685.0,4.896062694980087,-4.50263474338242
1652170360436586.0,6.293158474595165,5.416525309404539
1652170360436586.0,4.700133766367265,-4.494207341417995
1652170360536485.0,6.114744596329993,5.415302048663381
1652170360536485.0,4.520603102856109,-4.49330997053271
1652170360636384.0,5.955364016616837,5.422803118325085
1652170360636384.0,4.358669339954798,-4.485963842299339
1652170360736280.0,5.803018042549007,5.43265053133283
1652170360736280.0,4.211616202824009,-4.481324994903282
1652170360836234.0,5.669521921113728,5.430900701604201
1652170360836234.0,4.083497405631962,-4.480548098345816
1652170360936134.0,5.5629306886439505,5.428423441911148
1652170360936134.0,3.9620855719749026,-4.479121073413102
1652170361036090.0,5.452755000890118,5.43393400361606
1652170361036090.0,3.8500360249094756,-4.481690715143429
1652170361136102.0,5.362672804636765,5.444280361432693
1652170361136102.0,3.767883499161753,-4.471520285761376
1652170361236055.0,5.284750955708766,5.4449802761981925
1652170361236055.0,3.702743227659383,-4.460112745604288
1652170361336009.0,5.214915789343527,5.447680228707939
1652170361336009.0,3.6197550066873374,-4.464191443843068
1652170361436021.0,5.172243665613912,5.451751122044389
1652170361436021.0,3.5817870711975903,-4.465589277236232
1652170361536029.0,5.1466112045981305,5.4502554202285705
1652170361536029.0,3.5466246405122197,-4.467695466686808
1652170361636040.0,5.127616905107264,5.451516490960759
1652170361636040.0,3.528532893967184,-4.468689206652545
1652170361736050.0,5.112816524653297,5.450440040141817
1652170361736050.0,3.517600429351001,-4.4687879435833775
1652170361836062.0,5.112817291503658,5.452628548871863
1652170361836062.0,3.5246579973691086,-4.467034233969613
1652170361936075.0,5.120028198771579,5.4504714486466215
1652170361936075.0,3.542714414040085,-4.466209607476221
1652170362036136.0,5.125840673026953,5.444003421751489
1652170362036136.0,3.5637507544669216,-4.459259485269001
1652170362136204.0,5.129317435712296,5.449145589229155
1652170362136204.0,3.541302755613603,-4.46349684388502
1652170362236268.0,5.135555423198466,5.447300408126463
1652170362236268.0,3.53704856639412,-4.465578597691143
1652170362336329.0,5.1292928823441235,5.448247691471896
1652170362336329.0,3.5506201377558506,-4.460836904247494
1652170362436394.0,5.130225943337983,5.446887133126131
1652170362436394.0,3.5420748585062376,-4.461453670533161
1652170362536456.0,5.13257659822176,5.4479825276390565
1652170362536456.0,3.541135076170151,-4.463259332460584
1652170362636525.0,5.131752219638423,5.447939823487363
1652170362636525.0,3.5375533741971656,-4.463542222530833
1652170362736642.0,5.131840962306748,5.448028420860203
1652170362736642.0,3.5441902334025337,-4.4631430508884815
1652170362836709.0,5.132134083024293,5.44765166222892
1652170362836709.0,3.5426744498671945,-4.464213258485201
1652170362936830.0,5.1347839303502125,5.447896921154548
1652170362936830.0,3.542414442690226,-4.462167965472927
1652170363036948.0,5.131552313275873,5.4476565200283975
1652170363036948.0,3.537136657702552,-4.463446488585942
1652170363137011.0,5.1314474846160865,5.447902585053751
1652170363137011.0,3.5445021275530193,-4.461604909878271
1652170363237133.0,5.133926570708875,5.448381270204676
1652170363237133.0,3.5403299887421054,-4.463872209988668
1652170363337194.0,5.131181313602489,5.449951559366479
1652170363337194.0,3.542802233015486,-4.462379107512539
1652170363437256.0,5.131722442738284,5.44839584073187
1652170363437256.0,3.5405943675496347,-4.462376717115824
1652170363537320.0,5.133589470471128,5.448352521939445
1652170363537320.0,3.5389479324472366,-4.463058971883143
1652170363637381.0,5.133465495007589,5.4464767679668515
1652170363637381.0,3.5395512036613335,-4.464026548545708
1652170363737389.0,5.132029123522232,5.446781229230556
1652170363737389.0,3.54469102920364,-4.461116412435794
1652170363837400.0,5.133950677447445,5.447477037239038
1652170363837400.0,3.5448408898506054,-4.461344365841812
1652170363937360.0,5.133793093397392,5.447400298926899
1652170363937360.0,3.5391607952128457,-4.463472409230109
1652170364037370.0,5.133175990905609,5.446899262321139
1652170364037370.0,3.543793147621443,-4.463564242057514
1652170364137323.0,5.130989885674627,5.447822412951589
1652170364137323.0,3.542232052637683,-4.462630520457943
1652170364237280.0,5.13321190527025,5.448072853455823
1652170364237280.0,3.5416755140203438,-4.461690754392112
1652170364337180.0,5.1325139717186605,5.447987936584141
1652170364337180.0,3.5438112040839735,-4.463076504329031
1652170364437136.0,5.133698479723187,5.4478879605480355
1652170364437136.0,3.5412286830097424,-4.463053897411829
1652170364537034.0,5.132332244833518,5.447769619295786
1652170364537034.0,3.540669483534398,-4.462981884205741
1652170364636989.0,5.133912698506959,5.448547985030384
1652170364636989.0,3.544082802798547,-4.46100851408232
1652170364736887.0,5.133351313377626,5.44755601575072
1652170364736887.0,3.54487752874169,-4.460934315329451
1652170364836784.0,5.131880762102128,5.447996861683395
1652170364836784.0,3.5439861935818873,-4.459518850180681
1652170364936681.0,5.133229419688205,5.447534281972186
1652170364936681.0,3.5405205523885797,-4.464246366723862
1652170365036580.0,5.1298687254142585,5.448151059806009
1652170365036580.0,3.543497050887596,-4.461925762757751
1652170365136538.0,5.131483710635149,5.447441622693506
1652170365136538.0,3.5406215419257823,-4.462401440069646
1652170365236492.0,5.132412903537535,5.448359308928937
1652170365236492.0,3.5407245260012097,-4.461501083203613
1652170365336445.0,5.132854900976045,5.449245560633754
1652170365336445.0,3.537847261417877,-4.463062624741135
1652170365436398.0,5.134120646983852,5.447402465757597
1652170365436398.0,3.543703140417915,-4.463361971816255
1652170365536409.0,5.1339058152468455,5.447902893631935
1652170365536409.0,3.5421644715847935,-4.461439014414693
1652170365636418.0,5.132918341171467,5.44867189329739
1652170365636418.0,3.542337925483365,-4.462836792541543
1652170365736428.0,5.131437538024873,5.448946072768167
1652170365736428.0,3.552522356262971,-4.461637817721656
1652170365836438.0,5.131189805744608,5.448474288314611
1652170365836438.0,3.5440196103402393,-4.461518819518905
1652170365936446.0,5.134286478653013,5.446925498120489
1652170365936446.0,3.5393478346098015,-4.463109702575443
1652170366036461.0,5.1334096280676516,5.4482498503191055
1652170366036461.0,3.5438349095739143,-4.462515302246904
1652170366136525.0,5.130924432357211,5.448388508938234
1652170366136525.0,3.545095094244106,-4.463853944449971
1652170366236590.0,5.132227841106187,5.447949724947271
1652170366236590.0,3.5460268639035273,-4.462054510078723
1652170366336605.0,5.133243606211626,5.448314624657391
1652170366336605.0,3.538930466438136,-4.463163928826706
1652170366436667.0,5.134160113500229,5.446626503719328
1652170366436667.0,3.5405284572501796,-4.461504627219934
1652170366536732.0,5.131885004138121,5.449235147456769
1652170366536732.0,3.5455351910651776,-4.462473427328747
1652170366636850.0,5.132705528353285,5.448059990852723
1652170366636850.0,3.54318733520775,-4.460231263186837
1652170366736923.0,5.130973910882937,5.447784260585068
1652170366736923.0,3.5425172767792006,-4.4629985302152075
1652170366836989.0,5.133370056653309,5.449498569796722
1652170366836989.0,3.542862206121745,-4.462089824245162
1652170366937056.0,5.132892131118186,5.4477465434405286
1652170366937056.0,3.5420118122722393,-4.462854939433652
1652170367037066.0,5.13333286682442,5.447819101683644
1652170367037066.0,3.5449958492180933,-4.4619172376651495
1652170367137132.0,5.132358366601047,5.448797740661113
1652170367137132.0,3.546026284883318,-4.463365679505278
1652170367237140.0,5.132391782591519,5.448216269912867
1652170367237140.0,3.545016278915426,-4.461716941796358
1652170367337151.0,5.131353509447226,5.448918306395986
1652170367337151.0,3.540805635932681,-4.4635039467169175
1652170367437106.0,5.128398844683821,5.448221849558855
1652170367437106.0,3.539226648714279,-4.463812770040012
1652170367537114.0,5.120579327542989,5.448610367272079
1652170367537114.0,3.5281664984656347,-4.463650151034915
1652170367637067.0,5.110801584986408,5.4499248825040345
1652170367637067.0,3.521026055658229,-4.461821736991651
1652170367737023.0,5.098312242499049,5.449635423327978
1652170367737023.0,3.502996061318407,-4.462444435202472
1652170367836974.0,5.080782387208074,5.4505274366371825
1652170367836974.0,3.488398395232178,-4.461704056624934
1652170367936874.0,5.0574437682332185,5.451074439478022
1652170367936874.0,3.4666503586816884,-4.462559052005738
1652170368036830.0,5.03288847651797,5.452152533081442
1652170368036830.0,3.4365972537892837,-4.46264353625407
1652170368136726.0,5.0003705412712645,5.453722721360869
1652170368136726.0,3.403046148513715,-4.461321798317931
1652170368236625.0,4.963623861107398,5.45263323706588
1652170368236625.0,3.3669659947713857,-4.462324328577833
1652170368336528.0,4.916729086994789,5.451835383972001
1652170368336528.0,3.320744261327845,-4.462582220578934
1652170368436483.0,4.8667080410310595,5.450849576655534
1652170368436483.0,3.272228451580744,-4.460178485693126
1652170368536437.0,4.810388828865346,5.449697564818923
1652170368536437.0,3.2010341416459656,-4.46231133415886
1652170368636335.0,4.7461749874107735,5.441631548458603
1652170368636335.0,3.116422670678329,-4.4619485366279
1652170368736290.0,4.6730229160559364,5.433990615415515
1652170368736290.0,3.0238807519793345,-4.467776245077974
1652170368836242.0,4.591896259399294,5.424977338638456
1652170368836242.0,2.9200191129018203,-4.475549209372126
1652170368936195.0,4.509336322415067,5.410216329427201
1652170368936195.0,2.8199252031378923,-4.479638592809587
1652170369036151.0,4.4093540888898115,5.391171672045238
1652170369036151.0,2.6754514500190316,-4.481728953285052
1652170369136105.0,4.289598839106791,5.381232926103514
1652170369136105.0,2.5076664619896283,-4.490091468827587
1652170369236058.0,4.1968268550406,5.361145920346186
1652170369236058.0,2.345313957836856,-4.497523305049825
1652170369336010.0,4.076585320176739,5.349004408729972
1652170369336010.0,2.16934203862305,-4.505224590674839
1652170369435966.0,3.9422439464400814,5.330566280134158
1652170369435966.0,1.996392921637841,-4.513787200515482
1652170369535976.0,3.801050974604356,5.319681847468149
1652170369535976.0,1.7970834682827026,-4.524666344255767
1652170369635929.0,3.6486952681940084,5.305593835260586
1652170369635929.0,1.5876923879475333,-4.529167377791338
1652170369735938.0,3.4785750062459595,5.295996280055502
1652170369735938.0,1.3820001353265547,-4.531767764799821
1652170369836002.0,3.2958231813755003,5.288352105104001
1652170369836002.0,1.1668239646291667,-4.532436747476317
1652170369936068.0,3.100623168524886,5.274990622257303
1652170369936068.0,0.9388004907967982,-4.530867791676224
1652170370036131.0,2.893467582505738,5.281052702738389
1652170370036131.0,0.7071232210682814,-4.528300274017832
1652170370136198.0,2.6659239767420337,5.2800942952241625
1652170370136198.0,0.43229996587216635,-4.53277413920422
1652170370236317.0,2.4337562553505863,5.276101462837433
1652170370236317.0,0.22412997992798322,-4.5246886548910386
1652170370336380.0,2.191880050345503,5.278017593778574
1652170370336380.0,-0.031611162165765316,-4.518729089818425
1652170370436502.0,1.9421762775604465,5.281771541900727
1652170370436502.0,-0.29345516964975593,-4.51104666178875
1652170370536620.0,1.683907410902878,5.286009100844592
1652170370536620.0,-0.5635378776915037,-4.502700309259636
1652170370636744.0,1.4158581211486616,5.287914085673572
1652170370636744.0,-0.842038436969444,-4.490043351621132
1652170370736809.0,1.1518121277310174,5.2850001111486264
1652170370736809.0,-1.0538030406477175,-4.517749204626296
1652170370736809.0,0.24367054313138853,5.5344495457500695
1652170370836926.0,0.8716284389513473,5.2861931210242785
1652170370836926.0,-1.2605531568819195,-4.557701827956541
1652170370836926.0,-0.09629008256284272,5.509046169585853
1652170370937102.0,0.5817409227461283,5.285953581022629
1652170370937102.0,-1.5765335876032807,-4.550167526917877
1652170370937102.0,-0.44724192212363184,5.51315209916714
1652170371037228.0,-1.8759956278167742,-4.544266499992152
1652170371037228.0,0.27586253929143356,5.288148335790187
1652170371037228.0,-0.7880846447731491,5.511217328497471
1652170371137345.0,-2.17674336176553,-4.553302203148949
1652170371137345.0,-0.020283362551801798,5.287757445677271
1652170371137345.0,-1.1433605259868531,5.504516133308857
1652170371237411.0,-2.488712823613698,-4.554439326511785
1652170371237411.0,-0.3444935245992577,5.288100540891705
1652170371237411.0,-1.5114405945554394,5.5024881931220975
1652170371337531.0,-2.812227108236665,-4.553364440461142
1652170371337531.0,-0.6778870199529969,5.287477937762625
1652170371337531.0,-1.8642190820083306,5.469286922086209
1652170371437598.0,-3.136644543332373,-4.555893996362293
1652170371437598.0,-1.0336539473997222,5.294805167803687
1652170371437598.0,-2.2375256400051433,5.454311430162541
1652170371537661.0,-3.4749820234186015,-4.56176676728507
1652170371537661.0,-1.376430834286981,5.294799924831577
1652170371537661.0,-2.6108491632614577,5.425532305806656
1652170371637727.0,-3.8133645367557403,-4.558970520109469
1652170371637727.0,-1.6493973427198376,5.304996706076684
1652170371737741.0,-1.9229511342671661,5.358380773116765
1652170371737741.0,-4.139880874396461,-4.586964824741679
1652170371837747.0,-2.2781550738259027,5.345235546220661
1652170371837747.0,-4.505045047166493,-4.594972609019773
1652170371937755.0,-2.6568865120276746,5.350802450189911
1652170371937755.0,-4.8702019997401464,-4.61337140738927
1652170372037769.0,-3.0382421830018234,5.361775644910092
1652170372037769.0,-5.257119175441583,-4.608524228763317
1652170372037769.0,-1.2385652723893499,-10.085759306298483
1652170372037769.0,-2.236706048707223,3.7288835639431834
1652170372137722.0,-3.4332574126482345,5.370726526870893
1652170372137722.0,-1.5760962728215735,-10.104165223292279
1652170372137722.0,-5.644419529292402,-4.614739010393849
1652170372137722.0,8.195647114723865,15.372171630184978
1652170372237674.0,-1.8115564387237932,-10.151404186221367
1652170372237674.0,-3.832745081296068,5.38410502366539
1652170372237674.0,-6.046126430263068,-4.6161431468849345
1652170372237674.0,7.787177094954704,15.378800322979226
1652170372337678.0,-2.000769374207819,-10.22154272517595
1652170372337678.0,-4.258291479903027,5.3846530181561
1652170372337678.0,-6.449136022573743,-4.616718921748709
1652170372337678.0,7.280316530051206,15.410443572137089
1652170372437633.0,-2.20272896452271,-10.28949973425667
1652170372437633.0,-4.695311028519441,5.371468368116134
1652170372437633.0,-6.852928576698018,-4.647022972018045
1652170372437633.0,-4.006955750525329,3.693113243974035
1652170372437633.0,6.860747307472652,15.420254492468217
1652170372537588.0,-5.118312694645549,5.365366185593489
1652170372537588.0,-2.355989094351645,-10.37794024688005
1652170372537588.0,-7.264711109318181,-4.666606467681569
1652170372537588.0,-4.4070498145724,3.6488039728039845
1652170372537588.0,28.932891248873677,2.4330689166320942
1652170372537588.0,6.435473690128863,15.43314317498798
1652170372637545.0,-5.5674164657667395,5.362601827976253
1652170372637545.0,-2.6597155560467005,-10.401591677829252
1652170372637545.0,-7.688317336078678,-4.670901314382181
1652170372637545.0,28.488510079041184,2.5398145878845213
1652170372637545.0,5.905681895876657,15.498368524995008
1652170372737497.0,-6.029182449457195,5.357332598532661
1652170372737497.0,-8.129306198244329,-4.691638889953732
1652170372737497.0,28.032592425285394,2.644180164944471
1652170372837397.0,-6.500828043158522,5.337361100444568
1652170372837397.0,-8.574884005944297,-4.725022570178437
1652170372837397.0,4.898836399512504,15.574991016721995
1652170372937351.0,-6.991815886463966,5.3323174857049604
1652170372937351.0,-9.035659880284678,-4.7528585023726615
1652170372937351.0,4.37515353263138,15.598261381066322
1652170373037248.0,-7.478419634666691,5.313669444327694
1652170373037248.0,-9.509740422067518,-4.771150227605879
1652170373037248.0,3.790329195484815,15.609258738410963
1652170373137145.0,-9.99005980118318,-4.782136200889444
1652170373137145.0,-7.981730463445581,5.268137923689656
1652170373137145.0,3.25260289456441,15.628215667782596
1652170373236984.0,-10.485870770300934,-4.8289984560354835
1652170373236984.0,-8.508628498231387,5.304113589962032
1652170373236984.0,-8.211407377844258,8.989949446499963
1652170373336826.0,-10.969136032775596,-4.833221091680258
1652170373336826.0,-9.03309942387462,5.289435142532646
1652170373336826.0,-8.715595182665936,8.912492003189
1652170373336826.0,-5.59896548690326,-14.687785343794719
1652170373436724.0,-11.466373607579962,-4.844946596265562
1652170373436724.0,-9.551356237149873,5.289923267183586
1652170373536569.0,-10.06254993513415,5.270600368697687
1652170373536569.0,-11.94130444022768,-4.823444505843703
1652170373536569.0,4.739289346939009,6.611282343997434
1652170373636464.0,-10.586531739854783,5.310233292688565
1652170373636464.0,-12.459785509792354,-4.83696689634856
1652170373636464.0,4.268906469575323,6.720990392359044
1652170373636464.0,-7.134887266413267,-10.618325829128839
1652170373736308.0,-11.10334875235679,5.300151770107383
1652170373736308.0,22.987074914531796,3.530954531130803
1652170373736308.0,-12.967387019912634,-4.8645433074783195
1652170373836208.0,-11.638888934302598,5.280641338337529
1652170373836208.0,2.9052453082162812,6.811624366563318
1652170373836208.0,-13.522318149791703,-4.860438526003841
1652170373936111.0,2.5121035125126743,6.653984904027743
1652170373936111.0,-14.07052606773686,-4.858480794918973
1652170373936111.0,-12.200879578969172,5.271576164617913
1652170374036008.0,-12.764813113951325,5.304676351907412
1652170374036008.0,-14.61526606938828,-4.822170834064871
1652170374135960.0,-13.30319107519775,5.338164091539771
1652170374135960.0,20.790416402647526,3.64661463886722
1652170374135960.0,1.191976303043377,6.857257574592217
1652170374235859.0,0.7996716132463983,6.8596899557804125
1652170374235859.0,8.212821435097005,-5.91147805484067
1652170374235859.0,20.220263026673333,3.671451018393244
1652170374235859.0,-13.875870139120469,5.367061595594104
1652170374335869.0,7.633499565332564,-5.92730042017219
1652170374335869.0,-16.293226170767934,-4.8750448830178765
1652170374335869.0,-14.456410909466669,5.307683245503288
1652170374435822.0,-16.886067783537886,-4.921792406711251
1652170374435822.0,7.0614996495300675,-5.938997591800057
1652170374435822.0,-0.3424377101309415,6.707355428721689
1652170374435822.0,-15.057061200559948,5.250689574063702
1652170374535834.0,-17.457966847171445,-4.9437998629629725
1652170374535834.0,-15.662470551764372,5.19676659941848
1652170374535834.0,6.476825477923423,-5.91110103288227
1652170374635954.0,-16.27432023414404,5.173884030195699
1652170374635954.0,-18.01098486864626,-4.987004911817506
1652170374635954.0,5.930007694361814,-5.87451160843258
1652170374736077.0,5.394549544168594,-5.835076183376191
1652170374736077.0,-16.862334207150596,5.103930572135349
1652170374736077.0,-18.55556859846003,-5.057109770437805
1652170374736077.0,15.329035735431171,-4.922659667053873
1652170374836196.0,4.86506846611694,-5.816683985066271
1652170374836196.0,-19.099346120696076,-5.132223570506366
1652170374836196.0,-17.441753387598336,5.0653580058764645
1652170374936259.0,4.308498189819892,-5.801149835677816
1652170374936259.0,-19.66980588262033,-5.16326565218073
1652170374936259.0,16.081666314257802,4.080838754674421
1652170374936259.0,-18.029091763865416,5.026705488024342
1652170375036386.0,3.7447437373724863,-5.778445190051712
1652170375036386.0,-20.233186077405524,-5.222640744701188
1652170375036386.0,-18.631344116251665,4.940363411238289
1652170375036386.0,15.479565897110483,4.167183240268298
1652170375136505.0,3.1898718820758205,-5.760620059374162
1652170375136505.0,-20.786626655236276,-5.289889815620275
1652170375136505.0,-19.21501775283424,4.887016425648792
1652170375236679.0,2.6427279290484385,-5.734762212430283
1652170375236679.0,-21.337216982655644,-5.35080735318995
1652170375236679.0,-19.809097308853154,4.859662643063194
1652170375236679.0,14.3022247170006,4.309189511562249
1652170375336799.0,2.0945369672745935,-5.705415071289611
1652170375336799.0,-21.89500459212638,-5.414058800894958
1652170375336799.0,13.70689113091114,4.38048524828276
1652170375436918.0,1.5247019810550622,-5.678857294987984
1652170375436918.0,13.112281742218325,4.44765462477866
1652170375436918.0,-22.455663648089494,-5.4703437681951055
1652170375537040.0,0.9544531578963329,-5.669810669586902
1652170375537040.0,12.51928466378696,4.47140397332626
1652170375537040.0,-23.027168490510757,-5.523763297603216
1652170375537040.0,-21.57113122755245,4.699357340209359
1652170375637161.0,0.37552693300190354,-5.653021341864967
1652170375637161.0,11.935151114084837,4.516009739080657
1652170375637161.0,-22.166147351388652,4.674204491538716
1652170375637161.0,-23.6016208964714,-5.5251629262625155
1652170375737225.0,-0.1992881633678349,-5.635139012879668
1652170375737225.0,11.35448842634213,4.542997425756539
1652170375737225.0,-22.754889984027947,4.640771456094843
1652170375737225.0,-24.167689711511994,-5.525727490429228
1652170375837291.0,-0.7633832908565084,-5.623633695170837
1652170375837291.0,10.770205820852379,4.580364386604206
1652170375837291.0,-23.333835486074964,4.629892231356856
1652170375837291.0,-24.737189249567912,-5.5637351874743635
1652170375937356.0,10.188969026688719,4.615656103242792
1652170375937356.0,-1.3311080795251795,-5.612391017653888
1652170375937356.0,-23.928865298481185,4.618954936026311
1652170375937356.0,-25.300555643683964,-5.627428811204119
1652170376037363.0,9.600245887164055,4.631951342743574
1652170376037363.0,-1.907700756455154,-5.582889675435045
1652170376037363.0,14.761775538293257,-4.225825371518461
1652170376037363.0,-25.884493026805746,-5.621097771815738
1652170376137373.0,9.007374625415522,4.66863446805868
1652170376137373.0,-2.499893325572665,-5.550216006960829
1652170376137373.0,14.196488183353889,-4.212261756557302
1652170376137373.0,-26.472127001283397,-5.604270431944247
1652170376237328.0,8.413451422288851,4.6918270579518415
1652170376237328.0,-3.09956729181706,-5.530211247774262
1652170376337277.0,7.815242309586637,4.702593903900272
1652170376337277.0,-3.661179757468821,-5.516535349190903
1652170376337277.0,-26.280055916182683,4.593459327200052
1652170376437230.0,7.224996387578556,4.7277712188301155
1652170376437230.0,-4.260283998540844,-5.5082068179335835
1652170376437230.0,-26.867179889605808,4.650788750232964
1652170376537184.0,-4.847282319699895,-5.476895206778941
1652170376537184.0,6.631919290912586,4.752575945535429
1652170376537184.0,-27.463290588645375,4.620444051274402
1652170376637084.0,-5.427050079174978,-5.454280312998
1652170376637084.0,6.026825252317669,4.7821848164178675
1652170376637084.0,-28.069589398727278,4.615895546417361
1652170376737039.0,-6.008278649767643,-5.446297199572743
1652170376737039.0,20.411524083772914,-4.358297035870189
1652170376737039.0,-28.667510874384348,4.630607772738862
1652170376737039.0,8.47531361220027,5.9087493483412565
1652170376836941.0,19.824235119862443,-4.291698161323668
1652170376936840.0,7.249175171344013,5.943301261169835
1652170376936840.0,19.209276531073673,-4.359794418226229
1652170377036735.0,1.118134177542372,-8.00335039451021
1652170377036735.0,6.647427124891553,5.965308322223141
1652170377136635.0,6.0295239929854345,5.985033754510051
1652170377136635.0,17.993807042372918,-4.31885060739836
1652170377236532.0,0.5083670325686206,-8.018995230948423
1652170377236532.0,5.423403754370067,6.008415701178277
1652170377336433.0,4.812073077371376,6.025444029551299
1652170377336433.0,16.75765056374108,-4.201922896334914
1652170377436387.0,4.188936807744018,6.0398296294629015
1652170377436387.0,16.136546523860485,-4.235499208410155
1652170377436387.0,6.40611024583957,-3.860291996846689
1652170377536340.0,3.566142031013393,6.062254817647441
1652170377536340.0,15.530608375931298,-4.191438430059784
1652170377536340.0,5.797616429718203,-4.014913509438664
1652170377636290.0,2.92815547934169,6.086123199625392
1652170377636290.0,1.5624191577203712,-7.699959055451499
1652170377636290.0,14.928598580646105,-4.1681358576103245
1652170377636290.0,5.167176946102046,-4.072301039297085
1652170377736304.0,1.32961108925648,-7.6924898267528
1652170377736304.0,2.298746260422019,6.098600889732597
1652170377736304.0,14.30822585415329,-4.182308749251244
1652170377836260.0,1.6623081117236214,6.10184381307892
1652170377836260.0,13.667035756419228,-4.156017900252477
1652170377936213.0,1.018279316739388,6.111059910716807
1652170377936213.0,13.025095614555143,-4.1791116314491275
1652170378036220.0,0.37511865586202714,6.126726998526923
1652170378036220.0,12.396769742023526,-4.153065939064815
1652170378136231.0,-0.26028538233346804,6.143183305610856
1652170378136231.0,11.747968335279838,-4.092311812509505
1652170378136231.0,-3.1604473294065754,5.00028705215897
1652170378236240.0,-0.8859965376378485,6.160935619997404
1652170378236240.0,-3.7939242084868696,5.020785423422924
1652170378236240.0,11.104677718538278,-4.06469357739345
1652170378336303.0,-1.5379072337437014,6.166570440257396
1652170378336303.0,-4.442445230627229,5.028940150765492
1652170378436309.0,-5.0888495961989895,5.0186847638809775
1652170378436309.0,-2.1822729977692465,6.170921989153926
1652170378536321.0,-5.744344858373427,5.014414003042479
1652170378536321.0,-2.8250658879819426,6.172565719047861
1652170378536321.0,9.19289663781739,-3.98004226886201
1652170378636388.0,-6.409170880225631,5.025396375857265
1652170378636388.0,-3.497714400356263,6.175188406175876
1652170378736509.0,-7.058768825458702,5.021392514778314
1652170378736509.0,-4.14039868181126,6.180960377930994
1652170378736509.0,7.908508115160016,-3.768558314835613
1652170378836576.0,-7.703991694590286,5.021850958438449
1652170378836576.0,-4.796194154742179,6.181901787753181
1652170378936643.0,-8.352721879009234,4.996924988551978
1652170378936643.0,6.677937296590265,-4.049397585452126
1652170379036768.0,-9.001263996072682,4.988643391505273
1652170379036768.0,6.029736248337446,-4.025828341353817
1652170379136886.0,-9.661659787383373,4.9571197374803075
1652170379136886.0,5.411697184955102,-3.8666885308549532
1652170379237010.0,-10.318805289546717,4.948851835762
1652170379237010.0,4.793222715392075,-3.872712982915934
1652170379337185.0,-10.985194069176696,4.921564342318523
1652170379337185.0,4.152886055951554,-3.718533435599655
1652170379537371.0,-12.284307225107838,4.855146449958345
1652170379637490.0,-12.921912248271136,4.836335010307427
1652170379837562.0,6.408656657095003,-3.7876532410111525
1652170379937572.0,5.794604040646955,-3.723808445674708
1652170379937572.0,-14.796691914580155,4.776227785582661
1652170379937572.0,10.060863807353373,-4.763080227572468
1652170380037528.0,9.464268955044618,-4.733246281651569
1652170380037528.0,5.172722769369581,-3.726933030027351
1652170380137485.0,8.863936319011612,-4.708559635526759
1652170380137485.0,4.5786781710963655,-3.73294944467771
1652170380237443.0,8.262778051258287,-4.685189532375169
1652170380237443.0,-16.623932200345735,4.785541126833852
1652170380337392.0,7.657428622287084,-4.6570560999012365
1652170380337392.0,-17.231131156606747,4.76651233846104
1652170380437346.0,7.102269873562341,-4.6299649187387235
1652170380437346.0,-17.837878022305258,4.701676989500545
1652170380537297.0,6.533222171807396,-4.59425748235979
1652170380537297.0,13.534776769300793,3.906328463166639
1652170380637249.0,5.972072784524992,-4.555513447615048
1652170380637249.0,12.925194378779695,3.9942617607870297
1652170380737203.0,5.415808803459871,-4.511383013542596
1652170380737203.0,12.327271302952294,4.064999332986615
1652170380837154.0,4.8539656346952995,-4.46686226540925
1652170380837154.0,11.740392431080334,4.145557663753051
1652170380937057.0,4.308394308558098,-4.425519982002052
1652170380937057.0,-10.662826390366702,-3.828931299905577
1652170380937057.0,11.1360186498432,4.253544344585847
1652170381037009.0,3.766500911776188,-4.384672442517107
1652170381037009.0,10.527322559996918,4.329850415368575
1652170381136901.0,3.22072614827207,-4.361364447005765
1652170381136901.0,9.908692961642513,4.373105138509246
1652170381236806.0,2.668478315775504,-4.332637773548344
1652170381236806.0,9.290030987530708,4.435089435981398
1652170381336707.0,2.1114939895890474,-4.3009695464213005
1652170381436657.0,1.5311917556843235,-4.263935859626256
1652170381536555.0,0.978048890089447,-4.23163688628471
1652170381636508.0,0.44828740087639757,-4.210509127721839
1652170381736458.0,-0.08931434518362988,-4.185833268865346
1652170381836409.0,-0.6370797710694714,-4.166102911181917
1652170381936309.0,-1.206771082558533,-4.1439511490398635
1652170381936309.0,12.038616505769612,5.4113405226801135
1652170382036263.0,-1.7729672514694585,-4.112133237170501
1652170382036263.0,11.416459197712628,5.470983615174688
1652170382136219.0,-2.367015421261422,-4.105091840084366
1652170382236230.0,-2.8992759647400557,-4.108005320250367
1652170382336181.0,-3.485210034981418,-4.124168722263628
1652170382436079.0,-4.038321412337697,-4.104031464904116
1652170382635927.0,-1.7248736840751473,7.89664127243475
1652170382735830.0,-2.3238648380993405,7.913370507256165
1652170382835784.0,-2.924604237117553,7.925513265382806
1652170382935734.0,-3.1090593645656877,-5.187913889024499
1652170382935734.0,-3.524563671028811,7.93047100888058
1652170383035742.0,-3.69413879350599,-5.236621662567284
1652170383035742.0,-4.1051075944171975,7.959947620930755
1652170383135751.0,-4.377578720713749,-5.07252414825903
1652170383135751.0,-4.693137518731609,7.975353180590458
1652170383235759.0,-4.936779726424318,-5.149227225378702
1652170383235759.0,-5.28116218998308,7.990739250262015
1652170383335821.0,-5.585678431302812,-5.0968216099419035
1652170383335821.0,-5.873562126503186,8.0193315117109
1652170383435882.0,-6.198920621632446,-5.041083355338326
1652170383536004.0,-6.836714552661143,-5.024778590006858
1652170383536004.0,-7.068507821391367,8.12211825419586
1652170383636126.0,-7.462696020047386,-5.02967375085159
1652170383636126.0,-7.670090161381035,8.127589341747328
1652170383736247.0,-8.039576854227812,-5.069687059570732
1652170383736247.0,-8.26227577391331,8.154402987264078
1652170383836370.0,-8.723324909881292,-4.931717294128393
1652170383836370.0,-8.8546331042658,8.20600498526695
1652170383936544.0,-9.342863079124426,-4.894664483315342
1652170383936544.0,-9.444672185374227,8.24187736628759
1652170384036662.0,-9.926239501521636,-4.935205366361856
1652170384036662.0,-10.051475450734106,8.279867177166475
1652170384136835.0,-10.652333187279764,8.292845352949737
1652170384136835.0,-10.594378632639307,-4.839078428167078
1652170384237015.0,-11.246641554283181,-4.75713093851561
1652170384237015.0,-11.276848577422406,8.330979965816644
1652170384337188.0,-11.819707211493828,-4.8050610984906825
1652170384337188.0,-11.882684569310175,8.355683528845079
1652170384437308.0,-12.508659620825018,-4.6773035954520195
1652170384537429.0,-13.137910967770818,-4.641042035881946
1652170384637493.0,-13.734840476939617,-4.630889127536356
1652170384737615.0,-14.338721483348367,-4.6450817799792805
1652170384737615.0,13.02232995378688,9.18412048794359
1652170384837680.0,12.399778368256644,9.181966818301577
1652170384937748.0,11.773573568788864,9.17778728064968
1652170385037756.0,11.157897669491046,9.198751498810331
1652170385137762.0,10.534988461056598,9.208846519631637
1652170385137762.0,-16.797738394735255,8.598890088224397
1652170385237770.0,9.91326448904114,9.234631873750624
1652170385237770.0,-17.423965553027575,8.620146252069052
1652170385337721.0,9.298984712385536,9.243013837467423
1652170385437676.0,8.6734139848771,9.252601317814788
1652170385537631.0,8.060137515579111,9.27580012011227
1652170385537631.0,-19.4520542048614,-4.363034953727576
1652170385637583.0,7.421440953846437,9.293078052989234
1652170385737481.0,6.809505975334474,9.308256976956981
1652170385837435.0,6.173219808603496,9.32218472596013
1652170385937331.0,5.56713018955691,9.345611967646635
1652170386037179.0,4.938464308031946,9.36951392120867
1652170386137074.0,4.303243917674197,9.387284243217694
1652170386236967.0,3.7010403492279345,9.408840809318193
1652170386336754.0,3.0939076601545645,9.417129370868144
1652170386436654.0,2.4925651783304508,9.428320477977648
1652170386536494.0,1.90499500085483,9.436457642400214
1652170386636337.0,1.3226668216099382,9.450918589418096
1652170386636337.0,3.2368238341037663,-6.551560450974723
1652170386736235.0,0.7396327856606052,9.473675523317976
1652170386736235.0,2.70791837819052,-6.499673270693994
1652170386836189.0,0.1598485986145688,9.49398311245597
1652170386836189.0,2.144527420378329,-6.543912103593621
1652170386936089.0,-0.39899076687508117,9.50470403268915
1652170386936089.0,1.5618360757672007,-6.478965063478056
1652170387035986.0,-0.9682089560175869,9.515903895071803
1652170387035986.0,1.0570288543623667,-6.43566015994138
1652170387035986.0,-10.049524087066127,6.152426278618273
1652170387135941.0,-1.507589378054142,9.528849891858552
1652170387135941.0,22.790617500911615,-4.715607973730829
1652170387235836.0,-2.0453875779826935,9.54577510595632
1652170387235836.0,22.242884140266902,-4.722647424989344
1652170387335787.0,-2.596529452652926,9.555840037232258
1652170387435796.0,-3.146804882709296,9.574736527583113
1652170387535806.0,-3.6681958758377533,9.577982585793368
1652170387635816.0,-4.18595583912554,9.577519770759675
1652170387635816.0,20.091511829443817,-4.663190467065538
1652170387735885.0,-4.702176250885012,9.575329546436892
1652170387836003.0,-5.206303103796531,9.585225680432089
1652170387936121.0,-5.706973115165369,9.58113084889841
1652170387936121.0,18.6074320836406,-4.597619247625568
1652170388036243.0,-6.21096210576209,9.582008107266637
1652170388036243.0,18.119176921533363,-4.564436259410499
1652170388136361.0,-6.70791135650852,9.58283890339709
1652170388136361.0,17.629844740650924,-4.521456703006654
1652170388236484.0,-7.209328950961697,9.583472539352012
1652170388236484.0,17.12939532338162,-4.503621110819017
1652170388336604.0,-7.71109338511274,9.583731723431885
1652170388336604.0,16.632316483356163,-4.49056626626633
1652170388436727.0,-8.203222324254748,9.579446194290638
1652170388436727.0,16.143904125259045,-4.467982016503784
1652170388536905.0,-8.707646731452709,9.595282822247782
1652170388536905.0,15.652579357438492,-4.4345553147035
1652170388637025.0,-9.179757646187252,9.593383045572415
1652170388637025.0,15.187000510598018,-4.40545207406641
1652170388737148.0,-9.655687111146843,9.613608331836817
1652170388737148.0,14.702426224172157,-4.402651882868751
1652170388837214.0,-10.13109979034507,9.62503760947551
1652170388837214.0,14.23803124633011,-4.375999408871966
1652170388937278.0,13.753021960177149,-4.400568578862457
1652170388937278.0,-10.56942886058124,9.650582575687261
1652170389037285.0,13.30077573820369,-4.415654515500839
1652170389037285.0,-11.018680899315427,9.693715697380192
1652170389137294.0,12.82382581671878,-4.448409742656681
1652170389137294.0,-11.447632402835744,9.736441946722856
1652170389237248.0,12.364377481645548,-4.476761776958613
1652170389237248.0,9.084614929061678,37.102259596763474
1652170389237248.0,-11.854849208113105,9.791947159981241
1652170389337202.0,11.908660069284347,-4.5120263325148136
1652170389337202.0,-12.219793866870532,9.884724397661236
1652170389337202.0,26.459254520870623,1.0221362180873024
1652170389437043.0,11.4350591533778,-4.591027943335106
1652170389437043.0,-12.60856542336467,9.970308398103723
1652170389536997.0,10.994038642955179,-4.6498699477084
1652170389536997.0,-12.955410169154801,10.03080473651001
1652170389636840.0,10.554657295263969,-4.704762193443461
1652170389736685.0,10.116156078991605,-4.775763524281463
1652170389736685.0,9.582536656013687,44.642899780230586
1652170389736685.0,24.810119324194073,0.30079975268228076
1652170389836524.0,9.692419672584633,-4.815764192120676
1652170389836524.0,7.819853737721475,36.83037441236515
1652170389836524.0,9.324230463633414,44.59821271227715
1652170389936427.0,9.272358242269553,-4.845268208428641
1652170390036322.0,8.881173644550099,-4.884546083702294
1652170390036322.0,9.171197860782582,44.47184263793159
1652170390136221.0,8.494954858256897,-4.947429820383802
1652170390136221.0,8.158878828753,37.422076966859045
1652170390136221.0,-2.191172994617391,39.82636982806784
1652170390236060.0,8.109617730294188,-5.008208064999891
1652170390236060.0,9.084154020147789,44.38532209685255
1652170390335959.0,7.777997515288348,-5.0368371791279
1652170390335959.0,-2.319297427052504,39.8539776960168
1652170390335959.0,7.951538918100997,37.33200774472213
1652170390435859.0,7.419197131511766,-5.105123543271668
1652170390435859.0,9.389979472646328,44.22442059379628
1652170390535759.0,7.084239889573184,-5.151492390849816
1652170390535759.0,7.097882335031684,36.491685405776764
1652170390535759.0,9.101433611392832,44.21382015183593
1652170390635714.0,6.766137660838326,-5.195724140340737
1652170390735613.0,6.4437194713472135,-5.2542229123222715
1652170390735613.0,9.476949455518705,44.04497989474123
